987654321,bạn bè,Phạm Hằng,nữ,Huế,2000/03/29,hang@gmail.com
987612345,bạn bè,Nguyễn Hoàng,nam,Huế,2002/05/06,hoang@gmail.com
123987654,bạn bè,Nguyễn Hải,nam,Huế,2002/02/06,hai@gmail.com
993274647,bạn bè,Nguyễn Việt,nam,Huế,2001/04/09,viet@gmail.com
333244234,bạn bè,Hoàng Giáo,nam,Huế,2002/11/23,giao@gmail.com
867121364,bạn bè,Phan Tân,nam,Huế,2002/11/23,tan@gmail.com
942817306,người thân,Hoàng Hằng,nữ,Huế,1988/03/29,hanghoang@gmail.com
906500991,người thân,Nguyễn Phán,nam,Huế,1993/05/06,phan@gmail.com
988263672,bạn bè,Nguyễn Tiến,nam,Huế,2002/02/06,tien@gmail.com
932746278,bạn bè,Nguyễn Cảng,nam,Huế,2001/04/09,cang@gmail.com
987135163,bạn bè,Hoàng Đạo,nam,Huế,2002/11/23,dao@gmail.com
973424781,bạn bè,Hoàng Hân,nam,Huế,2002/11/23,hanhoang@gmail.com